id,song_path,hum_path
0,song/0e8353e8fad9ae27_1_5434f89ac71453d2.mp3,hum/0e8353e8fad9ae27_1_1704a47a5e90bf83.wav
1,song/0e8353e8fad9ae27_1_5434f89ac71453d2.mp3,hum/0e8353e8fad9ae27_1_a1053d90d2648bed.wav
2,song/0e8353e8fad9ae27_1_5434f89ac71453d2.mp3,hum/0e8353e8fad9ae27_1_daacb291f8275345.wav
3,song/0e8353e8fad9ae27_2_777c53ee13a282d4.mp3,hum/0e8353e8fad9ae27_2_0695c59422956cbc.wav
4,song/0e8353e8fad9ae27_2_777c53ee13a282d4.mp3,hum/0e8353e8fad9ae27_2_7442c13c7d2c8cae.wav
5,song/0e8353e8fad9ae27_2_777c53ee13a282d4.mp3,hum/0e8353e8fad9ae27_2_c4aed10914922a12.wav
6,song/0e8353e8fad9ae27_2_777c53ee13a282d4.mp3,hum/0e8353e8fad9ae27_2_ea4e8fb969d6d901.wav
7,song/12e509b2b3da32e6_1_bf30366f58ef99a3.mp3,hum/12e509b2b3da32e6_1_0890462a6833395c.wav
8,song/12e509b2b3da32e6_1_bf30366f58ef99a3.mp3,hum/12e509b2b3da32e6_1_47b0351cb6e2a3fc.wav
9,song/12e509b2b3da32e6_1_bf30366f58ef99a3.mp3,hum/12e509b2b3da32e6_1_573f0fbaaf974ce2.wav
10,song/12e509b2b3da32e6_1_bf30366f58ef99a3.mp3,hum/12e509b2b3da32e6_1_8e9dd36c59d82a0f.wav
11,song/12e509b2b3da32e6_2_2f7e19415ed27e21.mp3,hum/12e509b2b3da32e6_2_6a95eee9411fb901.wav
12,song/12e509b2b3da32e6_2_2f7e19415ed27e21.mp3,hum/12e509b2b3da32e6_2_a731bbaa5fe5d258.wav
13,song/12e509b2b3da32e6_2_2f7e19415ed27e21.mp3,hum/12e509b2b3da32e6_2_a990ad3506f4e82f.wav
14,song/18a7080919740c1c_1_73719e250d4664a1.mp3,hum/18a7080919740c1c_1_09ba5c04acaed762.wav
15,song/18a7080919740c1c_1_73719e250d4664a1.mp3,hum/18a7080919740c1c_1_1990e324efedd18c.wav
16,song/18a7080919740c1c_1_73719e250d4664a1.mp3,hum/18a7080919740c1c_1_354ebbba71d55c25.wav
17,song/18a7080919740c1c_1_73719e250d4664a1.mp3,hum/18a7080919740c1c_1_78a70ae24b5773a4.wav
18,song/18a7080919740c1c_2_2044a1deecceaaa6.mp3,hum/18a7080919740c1c_2_430b83cdc02d9784.wav
19,song/18a7080919740c1c_2_2044a1deecceaaa6.mp3,hum/18a7080919740c1c_2_87c56528a5be8fc6.wav
20,song/18a7080919740c1c_2_2044a1deecceaaa6.mp3,hum/18a7080919740c1c_2_a97e5703d9a33f0a.wav
21,song/3614a9e7fd92da01_1_568674b86ef29b5c.mp3,hum/3614a9e7fd92da01_1_245e48fd35ff9f7c.wav
22,song/3614a9e7fd92da01_1_568674b86ef29b5c.mp3,hum/3614a9e7fd92da01_1_ac8a272b6d010324.wav
23,song/3614a9e7fd92da01_1_568674b86ef29b5c.mp3,hum/3614a9e7fd92da01_1_c69c05240100f961.wav
24,song/3614a9e7fd92da01_1_568674b86ef29b5c.mp3,hum/3614a9e7fd92da01_1_d0af269b6fc0cdb1.wav
25,song/3614a9e7fd92da01_2_1a3b8556a2f67dd0.mp3,hum/3614a9e7fd92da01_2_b4c8d6aa5d0a2bb7.wav
26,song/3614a9e7fd92da01_2_1a3b8556a2f67dd0.mp3,hum/3614a9e7fd92da01_2_c57a059dbd03b594.wav
27,song/3614a9e7fd92da01_2_1a3b8556a2f67dd0.mp3,hum/3614a9e7fd92da01_2_f287c5f415bd06c3.wav
28,song/3ad961fe25c19d6b_1_9b8b12b29735ec8c.mp3,hum/3ad961fe25c19d6b_1_2fc768d32146c34b.wav
29,song/3ad961fe25c19d6b_1_9b8b12b29735ec8c.mp3,hum/3ad961fe25c19d6b_1_3abb5bec3e508ddd.wav
30,song/3ad961fe25c19d6b_2_b96a5d5e7ef87692.mp3,hum/3ad961fe25c19d6b_2_3a2ccdd96c837900.wav
31,song/3ad961fe25c19d6b_2_b96a5d5e7ef87692.mp3,hum/3ad961fe25c19d6b_2_4a8de143116bdfcf.wav
32,song/3ad961fe25c19d6b_3_2d7a097f145f2b2c.mp3,hum/3ad961fe25c19d6b_3_0ee6dbcde260398f.wav
33,song/3ad961fe25c19d6b_3_2d7a097f145f2b2c.mp3,hum/3ad961fe25c19d6b_3_9119089e644e55f8.wav
34,song/3ad961fe25c19d6b_3_2d7a097f145f2b2c.mp3,hum/3ad961fe25c19d6b_3_bc738d730e3239b7.wav
35,song/3e2c54372e4c835e_1_4339abad46fcd705.mp3,hum/3e2c54372e4c835e_1_155c0adcf6cfa36c.wav
36,song/3e2c54372e4c835e_1_4339abad46fcd705.mp3,hum/3e2c54372e4c835e_1_bf67c39ea61d0c27.wav
37,song/3e2c54372e4c835e_2_97990d68dbeeaeef.mp3,hum/3e2c54372e4c835e_2_1850de8f420dbe79.wav
38,song/3e2c54372e4c835e_2_97990d68dbeeaeef.mp3,hum/3e2c54372e4c835e_2_3ebfdfbdb23a95e4.wav
39,song/3e2c54372e4c835e_2_97990d68dbeeaeef.mp3,hum/3e2c54372e4c835e_2_6f49f3a8ec09c309.wav
40,song/3e2c54372e4c835e_2_97990d68dbeeaeef.mp3,hum/3e2c54372e4c835e_2_6ff0cdc3a78b8af4.wav
41,song/3e2c54372e4c835e_2_97990d68dbeeaeef.mp3,hum/3e2c54372e4c835e_2_7c99ffcd9508b953.wav
42,song/465d3d3aecafee57_2_fc3975fa062c79cc.mp3,hum/465d3d3aecafee57_2_9a55817bfc9436bd.wav
43,song/465d3d3aecafee57_2_fc3975fa062c79cc.mp3,hum/465d3d3aecafee57_2_9a5d142e7aaab3ab.wav
44,song/465d3d3aecafee57_3_d25cc37fd00b5e72.mp3,hum/465d3d3aecafee57_3_f3fad90983aee179.wav
45,song/465d3d3aecafee57_4_645f6ec70665f8ba.mp3,hum/465d3d3aecafee57_4_2e598932f4e87f70.wav
46,song/465d3d3aecafee57_4_645f6ec70665f8ba.mp3,hum/465d3d3aecafee57_4_38347e06a2ea3bb3.wav
47,song/465d3d3aecafee57_4_645f6ec70665f8ba.mp3,hum/465d3d3aecafee57_4_f1205f950da82944.wav
48,song/465d3d3aecafee57_4_645f6ec70665f8ba.mp3,hum/465d3d3aecafee57_4_fea4bda3929034ec.wav
49,song/516f270b0bae7964_1_7f56f72f2119c006.mp3,hum/516f270b0bae7964_1_055af3ed69513e5b.wav
50,song/516f270b0bae7964_1_7f56f72f2119c006.mp3,hum/516f270b0bae7964_1_42c71b1723cd356f.wav
51,song/516f270b0bae7964_1_7f56f72f2119c006.mp3,hum/516f270b0bae7964_1_496237a471a63b75.wav
52,song/516f270b0bae7964_1_7f56f72f2119c006.mp3,hum/516f270b0bae7964_1_574472bb9bbc47d1.wav
53,song/516f270b0bae7964_1_7f56f72f2119c006.mp3,hum/516f270b0bae7964_1_5f800dc72057c726.wav
54,song/516f270b0bae7964_2_49ef226a983acab8.mp3,hum/516f270b0bae7964_2_64bfcc5a8f4ee841.wav
55,song/516f270b0bae7964_2_49ef226a983acab8.mp3,hum/516f270b0bae7964_2_ef16a223d538b625.wav
56,song/5342a857ef70a424_1_e20f09945175e4c4.mp3,hum/5342a857ef70a424_1_2ace67125e71bf5f.wav
57,song/5342a857ef70a424_1_e20f09945175e4c4.mp3,hum/5342a857ef70a424_1_ecf791adecaf4877.wav
58,song/5342a857ef70a424_2_50064530b3d0a0e1.mp3,hum/5342a857ef70a424_2_bb8148662bdb893c.wav
59,song/5342a857ef70a424_2_50064530b3d0a0e1.mp3,hum/5342a857ef70a424_2_c1483f2013cd8778.wav
60,song/5342a857ef70a424_3_f58e719f369352c2.mp3,hum/5342a857ef70a424_3_10f6e86fdb9d37b5.wav
61,song/5342a857ef70a424_3_f58e719f369352c2.mp3,hum/5342a857ef70a424_3_27d7723fb734328f.wav
62,song/5342a857ef70a424_3_f58e719f369352c2.mp3,hum/5342a857ef70a424_3_66f6e63ddc74eb20.wav
63,song/8da26c7bee72d22c_1_8ec0b16a18cfedee.mp3,hum/8da26c7bee72d22c_1_029d941d49b4469e.wav
64,song/8da26c7bee72d22c_1_8ec0b16a18cfedee.mp3,hum/8da26c7bee72d22c_1_16a41e0d04b290a1.wav
65,song/8da26c7bee72d22c_1_8ec0b16a18cfedee.mp3,hum/8da26c7bee72d22c_1_1e40f01316ad8b72.wav
66,song/8da26c7bee72d22c_1_8ec0b16a18cfedee.mp3,hum/8da26c7bee72d22c_1_345a1be33f066eac.wav
67,song/8da26c7bee72d22c_1_8ec0b16a18cfedee.mp3,hum/8da26c7bee72d22c_1_4a07485e402f8a00.wav
68,song/8da26c7bee72d22c_1_8ec0b16a18cfedee.mp3,hum/8da26c7bee72d22c_1_7fe8e501c07b89bf.wav
69,song/8da26c7bee72d22c_1_8ec0b16a18cfedee.mp3,hum/8da26c7bee72d22c_1_857ec75f5c8091f5.wav
70,song/8da26c7bee72d22c_1_8ec0b16a18cfedee.mp3,hum/8da26c7bee72d22c_1_a2215845fe363106.wav
71,song/8da26c7bee72d22c_1_8ec0b16a18cfedee.mp3,hum/8da26c7bee72d22c_1_a369c01468ee92bb.wav
72,song/8da26c7bee72d22c_1_8ec0b16a18cfedee.mp3,hum/8da26c7bee72d22c_1_b868f38e8d590649.wav
73,song/8da26c7bee72d22c_1_8ec0b16a18cfedee.mp3,hum/8da26c7bee72d22c_1_bab41f078b2cb644.wav
74,song/8da26c7bee72d22c_1_8ec0b16a18cfedee.mp3,hum/8da26c7bee72d22c_1_be2322b0c720f4c4.wav
75,song/8da26c7bee72d22c_1_8ec0b16a18cfedee.mp3,hum/8da26c7bee72d22c_1_d1e9ff9753f78078.wav
76,song/8da26c7bee72d22c_1_8ec0b16a18cfedee.mp3,hum/8da26c7bee72d22c_1_ddbd83275f1b0d79.wav
77,song/8da26c7bee72d22c_2_b13120619711c57d.mp3,hum/8da26c7bee72d22c_2_399de38d2ae3a63d.wav
78,song/8da26c7bee72d22c_2_b13120619711c57d.mp3,hum/8da26c7bee72d22c_2_3cb0a363a38be7e6.wav
79,song/8da26c7bee72d22c_2_b13120619711c57d.mp3,hum/8da26c7bee72d22c_2_415836bab14293fb.wav
80,song/8da26c7bee72d22c_2_b13120619711c57d.mp3,hum/8da26c7bee72d22c_2_43d7b732fde6f8a6.wav
81,song/8da26c7bee72d22c_2_b13120619711c57d.mp3,hum/8da26c7bee72d22c_2_4e7c01adbd6a6517.wav
82,song/8da26c7bee72d22c_2_b13120619711c57d.mp3,hum/8da26c7bee72d22c_2_50643b5dd5fbf8a0.wav
83,song/8da26c7bee72d22c_2_b13120619711c57d.mp3,hum/8da26c7bee72d22c_2_56776693d9e65404.wav
84,song/8da26c7bee72d22c_2_b13120619711c57d.mp3,hum/8da26c7bee72d22c_2_613ad73028f88d03.wav
85,song/8da26c7bee72d22c_2_b13120619711c57d.mp3,hum/8da26c7bee72d22c_2_6671f38b751dea73.wav
86,song/8da26c7bee72d22c_2_b13120619711c57d.mp3,hum/8da26c7bee72d22c_2_7ed644ae998e8613.wav
87,song/8da26c7bee72d22c_2_b13120619711c57d.mp3,hum/8da26c7bee72d22c_2_abaa3ce01c6e2e97.wav
88,song/8da26c7bee72d22c_2_b13120619711c57d.mp3,hum/8da26c7bee72d22c_2_b02f81726547fed8.wav
89,song/8da26c7bee72d22c_2_b13120619711c57d.mp3,hum/8da26c7bee72d22c_2_b7ecc4a2236cc80e.wav
90,song/8da26c7bee72d22c_2_b13120619711c57d.mp3,hum/8da26c7bee72d22c_2_c7d914b50dd99a45.wav
91,song/8da26c7bee72d22c_2_b13120619711c57d.mp3,hum/8da26c7bee72d22c_2_cf32324890fdab46.wav
92,song/8da26c7bee72d22c_2_b13120619711c57d.mp3,hum/8da26c7bee72d22c_2_d169d251026b673a.wav
93,song/8da26c7bee72d22c_3_3eb211ce27cccaba.mp3,hum/8da26c7bee72d22c_3_0b4bb55821b96965.wav
94,song/8da26c7bee72d22c_3_3eb211ce27cccaba.mp3,hum/8da26c7bee72d22c_3_0d2bf02ba90dffc7.wav
95,song/8da26c7bee72d22c_3_3eb211ce27cccaba.mp3,hum/8da26c7bee72d22c_3_13ac34337c2d7d6e.wav
96,song/8da26c7bee72d22c_3_3eb211ce27cccaba.mp3,hum/8da26c7bee72d22c_3_22f63a8fe389bcd9.wav
97,song/8da26c7bee72d22c_3_3eb211ce27cccaba.mp3,hum/8da26c7bee72d22c_3_2483c1006ba9d52e.wav
98,song/8da26c7bee72d22c_3_3eb211ce27cccaba.mp3,hum/8da26c7bee72d22c_3_28add4559f4c1113.wav
99,song/8da26c7bee72d22c_3_3eb211ce27cccaba.mp3,hum/8da26c7bee72d22c_3_2cbd17fb7b0fcce2.wav
100,song/8da26c7bee72d22c_3_3eb211ce27cccaba.mp3,hum/8da26c7bee72d22c_3_4a1607e0b999d2cf.wav
101,song/8da26c7bee72d22c_3_3eb211ce27cccaba.mp3,hum/8da26c7bee72d22c_3_6322be1f0b687a80.wav
102,song/8da26c7bee72d22c_3_3eb211ce27cccaba.mp3,hum/8da26c7bee72d22c_3_74343c0554c6233b.wav
103,song/8da26c7bee72d22c_3_3eb211ce27cccaba.mp3,hum/8da26c7bee72d22c_3_77fe6464730a798b.wav
104,song/8da26c7bee72d22c_3_3eb211ce27cccaba.mp3,hum/8da26c7bee72d22c_3_7bd2e8ae23f5a234.wav
105,song/8da26c7bee72d22c_3_3eb211ce27cccaba.mp3,hum/8da26c7bee72d22c_3_82cbc4919bd92c86.wav
106,song/8da26c7bee72d22c_3_3eb211ce27cccaba.mp3,hum/8da26c7bee72d22c_3_935f7dabebd0f8e8.wav
107,song/8da26c7bee72d22c_3_3eb211ce27cccaba.mp3,hum/8da26c7bee72d22c_3_95073a7f712835ec.wav
108,song/8da26c7bee72d22c_3_3eb211ce27cccaba.mp3,hum/8da26c7bee72d22c_3_c9c09a8ba5cef3cc.wav
109,song/8da26c7bee72d22c_3_3eb211ce27cccaba.mp3,hum/8da26c7bee72d22c_3_df2803e66d4d9e46.wav
110,song/9975a38454080e8c_1_b95c456325f2f190.mp3,hum/9975a38454080e8c_1_144f6a17cfee06a4.wav
111,song/9975a38454080e8c_1_b95c456325f2f190.mp3,hum/9975a38454080e8c_1_63c497d67d59e875.wav
112,song/9975a38454080e8c_2_1942ea3e6cb51d92.mp3,hum/9975a38454080e8c_2_1befee0684c9b3cc.wav
113,song/9975a38454080e8c_2_1942ea3e6cb51d92.mp3,hum/9975a38454080e8c_2_8c02a5504f1e14ee.wav
114,song/9975a38454080e8c_2_1942ea3e6cb51d92.mp3,hum/9975a38454080e8c_2_ea48ba1d5baa1f96.wav
115,song/9975a38454080e8c_3_4b22f89458f6d078.mp3,hum/9975a38454080e8c_3_1d9a90318e961799.wav
116,song/9975a38454080e8c_3_4b22f89458f6d078.mp3,hum/9975a38454080e8c_3_8b804cf45cf491d8.wav
117,song/a30e15c7131b3e65_1_c00960eff1e52872.mp3,hum/a30e15c7131b3e65_1_b08311d95212a686.wav
118,song/a30e15c7131b3e65_1_c00960eff1e52872.mp3,hum/a30e15c7131b3e65_1_b1e9d06605ec3c73.wav
119,song/a30e15c7131b3e65_2_55077a3912a361ef.mp3,hum/a30e15c7131b3e65_2_46768c40f206ce79.wav
120,song/a30e15c7131b3e65_2_55077a3912a361ef.mp3,hum/a30e15c7131b3e65_2_65859609ef19e2e3.wav
121,song/a30e15c7131b3e65_2_55077a3912a361ef.mp3,hum/a30e15c7131b3e65_2_9bf4033ca02685c6.wav
122,song/a30e15c7131b3e65_2_55077a3912a361ef.mp3,hum/a30e15c7131b3e65_2_c86d477aa69f3767.wav
123,song/a30e15c7131b3e65_2_55077a3912a361ef.mp3,hum/a30e15c7131b3e65_2_d2ea85b480d27c3d.wav
124,song/b6d779491792be16_1_6de964267ec45a2f.mp3,hum/b6d779491792be16_1_631c380e041f6d77.wav
125,song/b6d779491792be16_1_6de964267ec45a2f.mp3,hum/b6d779491792be16_1_65fbab51b50a993a.wav
126,song/b6d779491792be16_1_6de964267ec45a2f.mp3,hum/b6d779491792be16_1_e3f94745e44cdb7b.wav
127,song/b6d779491792be16_2_cbd83d82ffbd980a.mp3,hum/b6d779491792be16_2_1cd848c6211d4df3.wav
128,song/b6d779491792be16_2_cbd83d82ffbd980a.mp3,hum/b6d779491792be16_2_50b7878d205c8adb.wav
129,song/b6d779491792be16_2_cbd83d82ffbd980a.mp3,hum/b6d779491792be16_2_ac19ac7205f9d530.wav
130,song/b6d779491792be16_2_cbd83d82ffbd980a.mp3,hum/b6d779491792be16_2_c2285c262d2b6d5e.wav
131,song/cf3c8b20a4929e8f_1_d60461bc229ba822.mp3,hum/cf3c8b20a4929e8f_1_27ed9acb4fd99e37.wav
132,song/cf3c8b20a4929e8f_1_d60461bc229ba822.mp3,hum/cf3c8b20a4929e8f_1_88b4f521fb8b622d.wav
133,song/cf3c8b20a4929e8f_1_d60461bc229ba822.mp3,hum/cf3c8b20a4929e8f_1_b6365957e3442013.wav
134,song/cf3c8b20a4929e8f_1_d60461bc229ba822.mp3,hum/cf3c8b20a4929e8f_1_b63b59b20f0b0d12.wav
135,song/cf3c8b20a4929e8f_1_d60461bc229ba822.mp3,hum/cf3c8b20a4929e8f_1_ca6ae8949b05b22d.wav
136,song/cf3c8b20a4929e8f_1_d60461bc229ba822.mp3,hum/cf3c8b20a4929e8f_1_f40b9c5638079cf7.wav
137,song/cf3c8b20a4929e8f_1_d60461bc229ba822.mp3,hum/cf3c8b20a4929e8f_1_fa88d5db55e6106b.wav
138,song/cfcaebee5579232c_6_208a557a708ea208.mp3,hum/cfcaebee5579232c_6_0be77395cb29f0a1.wav
139,song/cfcaebee5579232c_6_208a557a708ea208.mp3,hum/cfcaebee5579232c_6_2b366d3d0dba18bb.wav
140,song/cfcaebee5579232c_6_208a557a708ea208.mp3,hum/cfcaebee5579232c_6_40c78f395e93aeb2.wav
141,song/cfcaebee5579232c_6_208a557a708ea208.mp3,hum/cfcaebee5579232c_6_63f2730db8464d65.wav
142,song/cfcaebee5579232c_6_208a557a708ea208.mp3,hum/cfcaebee5579232c_6_ae655d7b1e1742b9.wav
143,song/cfcaebee5579232c_6_208a557a708ea208.mp3,hum/cfcaebee5579232c_6_c8fa721409b14b1c.wav
144,song/cfcaebee5579232c_6_208a557a708ea208.mp3,hum/cfcaebee5579232c_6_e0091d9f1eeb8e3e.wav
145,song/d0e4d93b4b60edce_1_e1b137634c6ae792.mp3,hum/d0e4d93b4b60edce_1_0b0dbdbe84977fb7.wav
146,song/d0e4d93b4b60edce_1_e1b137634c6ae792.mp3,hum/d0e4d93b4b60edce_1_42c11013b70993f8.wav
147,song/d0e4d93b4b60edce_1_e1b137634c6ae792.mp3,hum/d0e4d93b4b60edce_1_c71f1d2474b8872a.wav
148,song/d0e4d93b4b60edce_2_f3d09fc8da110e3b.mp3,hum/d0e4d93b4b60edce_2_0be8b675d7593c62.wav
149,song/d0e4d93b4b60edce_2_f3d09fc8da110e3b.mp3,hum/d0e4d93b4b60edce_2_2e79ce3e3e0e7f48.wav
150,song/d0e4d93b4b60edce_2_f3d09fc8da110e3b.mp3,hum/d0e4d93b4b60edce_2_5947d0bb0d0de7dc.wav
151,song/d0e4d93b4b60edce_2_f3d09fc8da110e3b.mp3,hum/d0e4d93b4b60edce_2_5f47f90210fe3dad.wav
152,song/d4aea99613dde810_1_ce6996423d73597a.mp3,hum/d4aea99613dde810_1_354fa664f85abcac.wav
153,song/d4aea99613dde810_1_ce6996423d73597a.mp3,hum/d4aea99613dde810_1_416d64544723832e.wav
154,song/d4aea99613dde810_1_ce6996423d73597a.mp3,hum/d4aea99613dde810_1_93cb1cc30159cd91.wav
155,song/d4aea99613dde810_1_ce6996423d73597a.mp3,hum/d4aea99613dde810_1_d4023f880ec43793.wav
156,song/d4aea99613dde810_2_bb1aae723bdcfcbc.mp3,hum/d4aea99613dde810_2_2e0442be29e0c550.wav
157,song/d4aea99613dde810_2_bb1aae723bdcfcbc.mp3,hum/d4aea99613dde810_2_4e92729432472030.wav
158,song/d4aea99613dde810_2_bb1aae723bdcfcbc.mp3,hum/d4aea99613dde810_2_de48cc455cf6111c.wav
159,song/df58dcb218251f87_1_67a60bd36e573e31.mp3,hum/df58dcb218251f87_1_0ea396a64d9e7ce8.wav
160,song/df58dcb218251f87_1_67a60bd36e573e31.mp3,hum/df58dcb218251f87_1_5fd3c6ada01a014a.wav
161,song/df58dcb218251f87_1_67a60bd36e573e31.mp3,hum/df58dcb218251f87_1_706f0d1e8668c7c3.wav
162,song/df58dcb218251f87_1_67a60bd36e573e31.mp3,hum/df58dcb218251f87_1_994fb968849d4761.wav
163,song/df58dcb218251f87_2_5985ca8a839d8cee.mp3,hum/df58dcb218251f87_2_250134c0e0ecfc91.wav
164,song/df58dcb218251f87_3_120afc4c4ac5c02c.mp3,hum/df58dcb218251f87_3_6924409d29e9e0de.wav
165,song/df58dcb218251f87_3_120afc4c4ac5c02c.mp3,hum/df58dcb218251f87_3_ea284d1ad5441e6a.wav
166,song/e13ea8ecb9ad0254_1_8a3252f905f15ec5.mp3,hum/e13ea8ecb9ad0254_1_2a15874fc31bc6c9.wav
167,song/e13ea8ecb9ad0254_1_8a3252f905f15ec5.mp3,hum/e13ea8ecb9ad0254_1_430c77f3299f2a57.wav
168,song/e13ea8ecb9ad0254_1_8a3252f905f15ec5.mp3,hum/e13ea8ecb9ad0254_1_5250f707a0f0c60b.wav
169,song/e13ea8ecb9ad0254_1_8a3252f905f15ec5.mp3,hum/e13ea8ecb9ad0254_1_c0725947edfd04c0.wav
170,song/e13ea8ecb9ad0254_1_8a3252f905f15ec5.mp3,hum/e13ea8ecb9ad0254_1_c8176fb8e14bd460.wav
171,song/e13ea8ecb9ad0254_1_8a3252f905f15ec5.mp3,hum/e13ea8ecb9ad0254_1_d854ffc64e9a73fc.wav
172,song/e13ea8ecb9ad0254_1_8a3252f905f15ec5.mp3,hum/e13ea8ecb9ad0254_1_f308d4b44934f06a.wav
173,song/e20d3d8d88b2b1ab_1_8b0e14b7dd1fb3bd.mp3,hum/e20d3d8d88b2b1ab_1_30ff8681e41675af.wav
174,song/e20d3d8d88b2b1ab_1_8b0e14b7dd1fb3bd.mp3,hum/e20d3d8d88b2b1ab_1_3fbb392109c97c9d.wav
175,song/e20d3d8d88b2b1ab_1_8b0e14b7dd1fb3bd.mp3,hum/e20d3d8d88b2b1ab_1_9e72a3e98cb09419.wav
176,song/e20d3d8d88b2b1ab_2_73274fb477ce6de8.mp3,hum/e20d3d8d88b2b1ab_2_40a55ba89be5069f.wav
177,song/e20d3d8d88b2b1ab_2_73274fb477ce6de8.mp3,hum/e20d3d8d88b2b1ab_2_85bbabbec0bd96ce.wav
178,song/e20d3d8d88b2b1ab_2_73274fb477ce6de8.mp3,hum/e20d3d8d88b2b1ab_2_a967ffb695c0cedf.wav
179,song/e20d3d8d88b2b1ab_2_73274fb477ce6de8.mp3,hum/e20d3d8d88b2b1ab_2_ebc0c89fd6499e28.wav
180,song/e2abe3ae051c3cfd_1_3e3d4dc483cdd2f2.mp3,hum/e2abe3ae051c3cfd_1_452e15e5c5ea90d4.wav
181,song/e2abe3ae051c3cfd_1_3e3d4dc483cdd2f2.mp3,hum/e2abe3ae051c3cfd_1_6ba23eb698945d02.wav
182,song/e2abe3ae051c3cfd_2_10297dab8262e90e.mp3,hum/e2abe3ae051c3cfd_2_1e353bc992637bc5.wav
183,song/e2abe3ae051c3cfd_2_10297dab8262e90e.mp3,hum/e2abe3ae051c3cfd_2_68669e20f7853105.wav
184,song/e2abe3ae051c3cfd_3_14c5f1ffe96b19a8.mp3,hum/e2abe3ae051c3cfd_3_05053690f997d556.wav
185,song/e2abe3ae051c3cfd_3_14c5f1ffe96b19a8.mp3,hum/e2abe3ae051c3cfd_3_0fecb94f9b57f44d.wav
186,song/e2abe3ae051c3cfd_3_14c5f1ffe96b19a8.mp3,hum/e2abe3ae051c3cfd_3_e1ddb7b4fd8cabdd.wav
187,song/f34bf157795ab71c_1_fb5c253cb5fbc07d.mp3,hum/f34bf157795ab71c_1_6490d97f52da0faf.wav
188,song/f34bf157795ab71c_1_fb5c253cb5fbc07d.mp3,hum/f34bf157795ab71c_1_6856d4e3e0800f1e.wav
189,song/f34bf157795ab71c_1_fb5c253cb5fbc07d.mp3,hum/f34bf157795ab71c_1_91b43039357e0121.wav
190,song/f34bf157795ab71c_2_e33a5c4b0ce387dc.mp3,hum/f34bf157795ab71c_2_1b0ad0da3f57e32e.wav
191,song/f34bf157795ab71c_2_e33a5c4b0ce387dc.mp3,hum/f34bf157795ab71c_2_7618ac663d21f061.wav
192,song/f34bf157795ab71c_2_e33a5c4b0ce387dc.mp3,hum/f34bf157795ab71c_2_bf1b66e2b851648b.wav
193,song/f34bf157795ab71c_2_e33a5c4b0ce387dc.mp3,hum/f34bf157795ab71c_2_e4ce4193f783b9d1.wav
194,song/f7a1e5bbb15a0c40_1_e620416d9c8a5e3b.mp3,hum/f7a1e5bbb15a0c40_1_460c00eda0b092f3.wav
195,song/f7a1e5bbb15a0c40_1_e620416d9c8a5e3b.mp3,hum/f7a1e5bbb15a0c40_1_5698c85e2d846cd2.wav
196,song/f7a1e5bbb15a0c40_1_e620416d9c8a5e3b.mp3,hum/f7a1e5bbb15a0c40_1_92ec8af7d204ef9c.wav
197,song/f7a1e5bbb15a0c40_2_36ff71a7b9f1ce5a.mp3,hum/f7a1e5bbb15a0c40_2_7d741d50c053726c.wav
198,song/f7a1e5bbb15a0c40_3_4379ccba30373257.mp3,hum/f7a1e5bbb15a0c40_3_21120f011f698f88.wav
199,song/f7a1e5bbb15a0c40_3_4379ccba30373257.mp3,hum/f7a1e5bbb15a0c40_3_e32d55fb0491b1eb.wav
200,song/f7a1e5bbb15a0c40_4_75fca5f49d14a5fd.mp3,hum/f7a1e5bbb15a0c40_4_272a42a97a5d0d55.wav
